"block_name","range","count_public_assigned_characters","count_real_scalar_values_including_private_use","count_all_expanded_code_points_including_surrogates","has_public_assigned_characters","has_real_scalar_values","is_top30_public_assigned","is_zero_public_assigned","is_emoticons"
"Basic Latin","U+0000..U+007F","128","128","128","True","True","False","False","False"
"Latin-1 Supplement","U+0080..U+00FF","128","128","128","True","True","False","False","False"
"Latin Extended-A","U+0100..U+017F","128","128","128","True","True","False","False","False"
"Latin Extended-B","U+0180..U+024F","208","208","208","True","True","False","False","False"
"IPA Extensions","U+0250..U+02AF","96","96","96","True","True","False","False","False"
"Spacing Modifier Letters","U+02B0..U+02FF","80","80","80","True","True","False","False","False"
"Combining Diacritical Marks","U+0300..U+036F","112","112","112","True","True","False","False","False"
"Greek and Coptic","U+0370..U+03FF","135","135","135","True","True","False","False","False"
"Cyrillic","U+0400..U+04FF","256","256","256","True","True","False","False","False"
"Cyrillic Supplement","U+0500..U+052F","48","48","48","True","True","False","False","False"
"Armenian","U+0530..U+058F","91","91","91","True","True","False","False","False"
"Hebrew","U+0590..U+05FF","88","88","88","True","True","False","False","False"
"Arabic","U+0600..U+06FF","256","256","256","True","True","False","False","False"
"Syriac","U+0700..U+074F","77","77","77","True","True","False","False","False"
"Arabic Supplement","U+0750..U+077F","48","48","48","True","True","False","False","False"
"Thaana","U+0780..U+07BF","50","50","50","True","True","False","False","False"
"NKo","U+07C0..U+07FF","62","62","62","True","True","False","False","False"
"Samaritan","U+0800..U+083F","61","61","61","True","True","False","False","False"
"Mandaic","U+0840..U+085F","29","29","29","True","True","False","False","False"
"Syriac Supplement","U+0860..U+086F","11","11","11","True","True","False","False","False"
"Arabic Extended-B","U+0870..U+089F","43","43","43","True","True","False","False","False"
"Arabic Extended-A","U+08A0..U+08FF","96","96","96","True","True","False","False","False"
"Devanagari","U+0900..U+097F","128","128","128","True","True","False","False","False"
"Bengali","U+0980..U+09FF","96","96","96","True","True","False","False","False"
"Gurmukhi","U+0A00..U+0A7F","80","80","80","True","True","False","False","False"
"Gujarati","U+0A80..U+0AFF","91","91","91","True","True","False","False","False"
"Oriya","U+0B00..U+0B7F","91","91","91","True","True","False","False","False"
"Tamil","U+0B80..U+0BFF","72","72","72","True","True","False","False","False"
"Telugu","U+0C00..U+0C7F","101","101","101","True","True","False","False","False"
"Kannada","U+0C80..U+0CFF","92","92","92","True","True","False","False","False"
"Malayalam","U+0D00..U+0D7F","118","118","118","True","True","False","False","False"
"Sinhala","U+0D80..U+0DFF","91","91","91","True","True","False","False","False"
"Thai","U+0E00..U+0E7F","87","87","87","True","True","False","False","False"
"Lao","U+0E80..U+0EFF","83","83","83","True","True","False","False","False"
"Tibetan","U+0F00..U+0FFF","211","211","211","True","True","False","False","False"
"Myanmar","U+1000..U+109F","160","160","160","True","True","False","False","False"
"Georgian","U+10A0..U+10FF","88","88","88","True","True","False","False","False"
"Hangul Jamo","U+1100..U+11FF","256","256","256","True","True","False","False","False"
"Ethiopic","U+1200..U+137F","358","358","358","True","True","True","False","False"
"Ethiopic Supplement","U+1380..U+139F","26","26","26","True","True","False","False","False"
"Cherokee","U+13A0..U+13FF","92","92","92","True","True","False","False","False"
"Unified Canadian Aboriginal Syllabics","U+1400..U+167F","640","640","640","True","True","True","False","False"
"Ogham","U+1680..U+169F","29","29","29","True","True","False","False","False"
"Runic","U+16A0..U+16FF","89","89","89","True","True","False","False","False"
"Tagalog","U+1700..U+171F","23","23","23","True","True","False","False","False"
"Hanunoo","U+1720..U+173F","23","23","23","True","True","False","False","False"
"Buhid","U+1740..U+175F","20","20","20","True","True","False","False","False"
"Tagbanwa","U+1760..U+177F","18","18","18","True","True","False","False","False"
"Khmer","U+1780..U+17FF","114","114","114","True","True","False","False","False"
"Mongolian","U+1800..U+18AF","158","158","158","True","True","False","False","False"
"Unified Canadian Aboriginal Syllabics Extended","U+18B0..U+18FF","70","70","70","True","True","False","False","False"
"Limbu","U+1900..U+194F","68","68","68","True","True","False","False","False"
"Tai Le","U+1950..U+197F","35","35","35","True","True","False","False","False"
"New Tai Lue","U+1980..U+19DF","83","83","83","True","True","False","False","False"
"Khmer Symbols","U+19E0..U+19FF","32","32","32","True","True","False","False","False"
"Buginese","U+1A00..U+1A1F","30","30","30","True","True","False","False","False"
"Tai Tham","U+1A20..U+1AAF","127","127","127","True","True","False","False","False"
"Combining Diacritical Marks Extended","U+1AB0..U+1AFF","58","58","58","True","True","False","False","False"
"Balinese","U+1B00..U+1B7F","127","127","127","True","True","False","False","False"
"Sundanese","U+1B80..U+1BBF","64","64","64","True","True","False","False","False"
"Batak","U+1BC0..U+1BFF","56","56","56","True","True","False","False","False"
"Lepcha","U+1C00..U+1C4F","74","74","74","True","True","False","False","False"
"Ol Chiki","U+1C50..U+1C7F","48","48","48","True","True","False","False","False"
"Cyrillic Extended-C","U+1C80..U+1C8F","11","11","11","True","True","False","False","False"
"Georgian Extended","U+1C90..U+1CBF","46","46","46","True","True","False","False","False"
"Sundanese Supplement","U+1CC0..U+1CCF","8","8","8","True","True","False","False","False"
"Vedic Extensions","U+1CD0..U+1CFF","43","43","43","True","True","False","False","False"
"Phonetic Extensions","U+1D00..U+1D7F","128","128","128","True","True","False","False","False"
"Phonetic Extensions Supplement","U+1D80..U+1DBF","64","64","64","True","True","False","False","False"
"Combining Diacritical Marks Supplement","U+1DC0..U+1DFF","64","64","64","True","True","False","False","False"
"Latin Extended Additional","U+1E00..U+1EFF","256","256","256","True","True","False","False","False"
"Greek Extended","U+1F00..U+1FFF","233","233","233","True","True","False","False","False"
"General Punctuation","U+2000..U+206F","111","111","111","True","True","False","False","False"
"Superscripts and Subscripts","U+2070..U+209F","42","42","42","True","True","False","False","False"
"Currency Symbols","U+20A0..U+20CF","34","34","34","True","True","False","False","False"
"Combining Diacritical Marks for Symbols","U+20D0..U+20FF","33","33","33","True","True","False","False","False"
"Letterlike Symbols","U+2100..U+214F","80","80","80","True","True","False","False","False"
"Number Forms","U+2150..U+218F","60","60","60","True","True","False","False","False"
"Arrows","U+2190..U+21FF","112","112","112","True","True","False","False","False"
"Mathematical Operators","U+2200..U+22FF","256","256","256","True","True","False","False","False"
"Miscellaneous Technical","U+2300..U+23FF","256","256","256","True","True","False","False","False"
"Control Pictures","U+2400..U+243F","42","42","42","True","True","False","False","False"
"Optical Character Recognition","U+2440..U+245F","11","11","11","True","True","False","False","False"
"Enclosed Alphanumerics","U+2460..U+24FF","160","160","160","True","True","False","False","False"
"Box Drawing","U+2500..U+257F","128","128","128","True","True","False","False","False"
"Block Elements","U+2580..U+259F","32","32","32","True","True","False","False","False"
"Geometric Shapes","U+25A0..U+25FF","96","96","96","True","True","False","False","False"
"Miscellaneous Symbols","U+2600..U+26FF","256","256","256","True","True","False","False","False"
"Dingbats","U+2700..U+27BF","192","192","192","True","True","False","False","False"
"Miscellaneous Mathematical Symbols-A","U+27C0..U+27EF","48","48","48","True","True","False","False","False"
"Supplemental Arrows-A","U+27F0..U+27FF","16","16","16","True","True","False","False","False"
"Braille Patterns","U+2800..U+28FF","256","256","256","True","True","False","False","False"
"Supplemental Arrows-B","U+2900..U+297F","128","128","128","True","True","False","False","False"
"Miscellaneous Mathematical Symbols-B","U+2980..U+29FF","128","128","128","True","True","False","False","False"
"Supplemental Mathematical Operators","U+2A00..U+2AFF","256","256","256","True","True","False","False","False"
"Miscellaneous Symbols and Arrows","U+2B00..U+2BFF","254","254","254","True","True","False","False","False"
"Glagolitic","U+2C00..U+2C5F","96","96","96","True","True","False","False","False"
"Latin Extended-C","U+2C60..U+2C7F","32","32","32","True","True","False","False","False"
"Coptic","U+2C80..U+2CFF","123","123","123","True","True","False","False","False"
"Georgian Supplement","U+2D00..U+2D2F","40","40","40","True","True","False","False","False"
"Tifinagh","U+2D30..U+2D7F","59","59","59","True","True","False","False","False"
"Ethiopic Extended","U+2D80..U+2DDF","79","79","79","True","True","False","False","False"
"Cyrillic Extended-A","U+2DE0..U+2DFF","32","32","32","True","True","False","False","False"
"Supplemental Punctuation","U+2E00..U+2E7F","94","94","94","True","True","False","False","False"
"CJK Radicals Supplement","U+2E80..U+2EFF","115","115","115","True","True","False","False","False"
"Kangxi Radicals","U+2F00..U+2FDF","214","214","214","True","True","False","False","False"
"Ideographic Description Characters","U+2FF0..U+2FFF","16","16","16","True","True","False","False","False"
"CJK Symbols and Punctuation","U+3000..U+303F","64","64","64","True","True","False","False","False"
"Hiragana","U+3040..U+309F","93","93","93","True","True","False","False","False"
"Katakana","U+30A0..U+30FF","96","96","96","True","True","False","False","False"
"Bopomofo","U+3100..U+312F","43","43","43","True","True","False","False","False"
"Hangul Compatibility Jamo","U+3130..U+318F","94","94","94","True","True","False","False","False"
"Kanbun","U+3190..U+319F","16","16","16","True","True","False","False","False"
"Bopomofo Extended","U+31A0..U+31BF","32","32","32","True","True","False","False","False"
"CJK Strokes","U+31C0..U+31EF","39","39","39","True","True","False","False","False"
"Katakana Phonetic Extensions","U+31F0..U+31FF","16","16","16","True","True","False","False","False"
"Enclosed CJK Letters and Months","U+3200..U+32FF","255","255","255","True","True","False","False","False"
"CJK Compatibility","U+3300..U+33FF","256","256","256","True","True","False","False","False"
"CJK Unified Ideographs Extension A","U+3400..U+4DBF","6592","6592","6592","True","True","True","False","False"
"Yijing Hexagram Symbols","U+4DC0..U+4DFF","64","64","64","True","True","False","False","False"
"CJK Unified Ideographs","U+4E00..U+9FFF","20992","20992","20992","True","True","True","False","False"
"Yi Syllables","U+A000..U+A48F","1165","1165","1165","True","True","True","False","False"
"Yi Radicals","U+A490..U+A4CF","55","55","55","True","True","False","False","False"
"Lisu","U+A4D0..U+A4FF","48","48","48","True","True","False","False","False"
"Vai","U+A500..U+A63F","300","300","300","True","True","False","False","False"
"Cyrillic Extended-B","U+A640..U+A69F","96","96","96","True","True","False","False","False"
"Bamum","U+A6A0..U+A6FF","88","88","88","True","True","False","False","False"
"Modifier Tone Letters","U+A700..U+A71F","32","32","32","True","True","False","False","False"
"Latin Extended-D","U+A720..U+A7FF","204","204","204","True","True","False","False","False"
"Syloti Nagri","U+A800..U+A82F","45","45","45","True","True","False","False","False"
"Common Indic Number Forms","U+A830..U+A83F","10","10","10","True","True","False","False","False"
"Phags-pa","U+A840..U+A87F","56","56","56","True","True","False","False","False"
"Saurashtra","U+A880..U+A8DF","82","82","82","True","True","False","False","False"
"Devanagari Extended","U+A8E0..U+A8FF","32","32","32","True","True","False","False","False"
"Kayah Li","U+A900..U+A92F","48","48","48","True","True","False","False","False"
"Rejang","U+A930..U+A95F","37","37","37","True","True","False","False","False"
"Hangul Jamo Extended-A","U+A960..U+A97F","29","29","29","True","True","False","False","False"
"Javanese","U+A980..U+A9DF","91","91","91","True","True","False","False","False"
"Myanmar Extended-B","U+A9E0..U+A9FF","31","31","31","True","True","False","False","False"
"Cham","U+AA00..U+AA5F","83","83","83","True","True","False","False","False"
"Myanmar Extended-A","U+AA60..U+AA7F","32","32","32","True","True","False","False","False"
"Tai Viet","U+AA80..U+AADF","72","72","72","True","True","False","False","False"
"Meetei Mayek Extensions","U+AAE0..U+AAFF","23","23","23","True","True","False","False","False"
"Ethiopic Extended-A","U+AB00..U+AB2F","32","32","32","True","True","False","False","False"
"Latin Extended-E","U+AB30..U+AB6F","60","60","60","True","True","False","False","False"
"Cherokee Supplement","U+AB70..U+ABBF","80","80","80","True","True","False","False","False"
"Meetei Mayek","U+ABC0..U+ABFF","56","56","56","True","True","False","False","False"
"Hangul Syllables","U+AC00..U+D7AF","11172","11172","11172","True","True","True","False","False"
"Hangul Jamo Extended-B","U+D7B0..U+D7FF","72","72","72","True","True","False","False","False"
"High Surrogates","U+D800..U+DB7F","0","0","896","False","False","False","True","False"
"High Private Use Surrogates","U+DB80..U+DBFF","0","0","128","False","False","False","True","False"
"Low Surrogates","U+DC00..U+DFFF","0","0","1024","False","False","False","True","False"
"Private Use Area","U+E000..U+F8FF","0","6400","6400","False","True","False","True","False"
"CJK Compatibility Ideographs","U+F900..U+FAFF","472","472","472","True","True","True","False","False"
"Alphabetic Presentation Forms","U+FB00..U+FB4F","58","58","58","True","True","False","False","False"
"Arabic Presentation Forms-A","U+FB50..U+FDFF","656","656","656","True","True","True","False","False"
"Variation Selectors","U+FE00..U+FE0F","16","16","16","True","True","False","False","False"
"Vertical Forms","U+FE10..U+FE1F","10","10","10","True","True","False","False","False"
"Combining Half Marks","U+FE20..U+FE2F","16","16","16","True","True","False","False","False"
"CJK Compatibility Forms","U+FE30..U+FE4F","32","32","32","True","True","False","False","False"
"Small Form Variants","U+FE50..U+FE6F","26","26","26","True","True","False","False","False"
"Arabic Presentation Forms-B","U+FE70..U+FEFF","141","141","141","True","True","False","False","False"
"Halfwidth and Fullwidth Forms","U+FF00..U+FFEF","225","225","225","True","True","False","False","False"
"Specials","U+FFF0..U+FFFF","5","5","5","True","True","False","False","False"
"Linear B Syllabary","U+10000..U+1007F","88","88","88","True","True","False","False","False"
"Linear B Ideograms","U+10080..U+100FF","123","123","123","True","True","False","False","False"
"Aegean Numbers","U+10100..U+1013F","57","57","57","True","True","False","False","False"
"Ancient Greek Numbers","U+10140..U+1018F","79","79","79","True","True","False","False","False"
"Ancient Symbols","U+10190..U+101CF","14","14","14","True","True","False","False","False"
"Phaistos Disc","U+101D0..U+101FF","46","46","46","True","True","False","False","False"
"Lycian","U+10280..U+1029F","29","29","29","True","True","False","False","False"
"Carian","U+102A0..U+102DF","49","49","49","True","True","False","False","False"
"Coptic Epact Numbers","U+102E0..U+102FF","28","28","28","True","True","False","False","False"
"Old Italic","U+10300..U+1032F","39","39","39","True","True","False","False","False"
"Gothic","U+10330..U+1034F","27","27","27","True","True","False","False","False"
"Old Permic","U+10350..U+1037F","43","43","43","True","True","False","False","False"
"Ugaritic","U+10380..U+1039F","31","31","31","True","True","False","False","False"
"Old Persian","U+103A0..U+103DF","50","50","50","True","True","False","False","False"
"Deseret","U+10400..U+1044F","80","80","80","True","True","False","False","False"
"Shavian","U+10450..U+1047F","48","48","48","True","True","False","False","False"
"Osmanya","U+10480..U+104AF","40","40","40","True","True","False","False","False"
"Osage","U+104B0..U+104FF","72","72","72","True","True","False","False","False"
"Elbasan","U+10500..U+1052F","40","40","40","True","True","False","False","False"
"Caucasian Albanian","U+10530..U+1056F","53","53","53","True","True","False","False","False"
"Vithkuqi","U+10570..U+105BF","70","70","70","True","True","False","False","False"
"Todhri","U+105C0..U+105FF","52","52","52","True","True","False","False","False"
"Linear A","U+10600..U+1077F","341","341","341","True","True","False","False","False"
"Latin Extended-F","U+10780..U+107BF","57","57","57","True","True","False","False","False"
"Cypriot Syllabary","U+10800..U+1083F","55","55","55","True","True","False","False","False"
"Imperial Aramaic","U+10840..U+1085F","31","31","31","True","True","False","False","False"
"Palmyrene","U+10860..U+1087F","32","32","32","True","True","False","False","False"
"Nabataean","U+10880..U+108AF","40","40","40","True","True","False","False","False"
"Hatran","U+108E0..U+108FF","26","26","26","True","True","False","False","False"
"Phoenician","U+10900..U+1091F","29","29","29","True","True","False","False","False"
"Lydian","U+10920..U+1093F","27","27","27","True","True","False","False","False"
"Sidetic","U+10940..U+1095F","26","26","26","True","True","False","False","False"
"Meroitic Hieroglyphs","U+10980..U+1099F","32","32","32","True","True","False","False","False"
"Meroitic Cursive","U+109A0..U+109FF","90","90","90","True","True","False","False","False"
"Kharoshthi","U+10A00..U+10A5F","68","68","68","True","True","False","False","False"
"Old South Arabian","U+10A60..U+10A7F","32","32","32","True","True","False","False","False"
"Old North Arabian","U+10A80..U+10A9F","32","32","32","True","True","False","False","False"
"Manichaean","U+10AC0..U+10AFF","51","51","51","True","True","False","False","False"
"Avestan","U+10B00..U+10B3F","61","61","61","True","True","False","False","False"
"Inscriptional Parthian","U+10B40..U+10B5F","30","30","30","True","True","False","False","False"
"Inscriptional Pahlavi","U+10B60..U+10B7F","27","27","27","True","True","False","False","False"
"Psalter Pahlavi","U+10B80..U+10BAF","29","29","29","True","True","False","False","False"
"Old Turkic","U+10C00..U+10C4F","73","73","73","True","True","False","False","False"
"Old Hungarian","U+10C80..U+10CFF","108","108","108","True","True","False","False","False"
"Hanifi Rohingya","U+10D00..U+10D3F","50","50","50","True","True","False","False","False"
"Garay","U+10D40..U+10D8F","69","69","69","True","True","False","False","False"
"Rumi Numeral Symbols","U+10E60..U+10E7F","31","31","31","True","True","False","False","False"
"Yezidi","U+10E80..U+10EBF","47","47","47","True","True","False","False","False"
"Arabic Extended-C","U+10EC0..U+10EFF","21","21","21","True","True","False","False","False"
"Old Sogdian","U+10F00..U+10F2F","40","40","40","True","True","False","False","False"
"Sogdian","U+10F30..U+10F6F","42","42","42","True","True","False","False","False"
"Old Uyghur","U+10F70..U+10FAF","26","26","26","True","True","False","False","False"
"Chorasmian","U+10FB0..U+10FDF","28","28","28","True","True","False","False","False"
"Elymaic","U+10FE0..U+10FFF","23","23","23","True","True","False","False","False"
"Brahmi","U+11000..U+1107F","115","115","115","True","True","False","False","False"
"Kaithi","U+11080..U+110CF","68","68","68","True","True","False","False","False"
"Sora Sompeng","U+110D0..U+110FF","35","35","35","True","True","False","False","False"
"Chakma","U+11100..U+1114F","71","71","71","True","True","False","False","False"
"Mahajani","U+11150..U+1117F","39","39","39","True","True","False","False","False"
"Sharada","U+11180..U+111DF","96","96","96","True","True","False","False","False"
"Sinhala Archaic Numbers","U+111E0..U+111FF","20","20","20","True","True","False","False","False"
"Khojki","U+11200..U+1124F","65","65","65","True","True","False","False","False"
"Multani","U+11280..U+112AF","38","38","38","True","True","False","False","False"
"Khudawadi","U+112B0..U+112FF","69","69","69","True","True","False","False","False"
"Grantha","U+11300..U+1137F","86","86","86","True","True","False","False","False"
"Tulu-Tigalari","U+11380..U+113FF","80","80","80","True","True","False","False","False"
"Newa","U+11400..U+1147F","97","97","97","True","True","False","False","False"
"Tirhuta","U+11480..U+114DF","82","82","82","True","True","False","False","False"
"Siddham","U+11580..U+115FF","92","92","92","True","True","False","False","False"
"Modi","U+11600..U+1165F","79","79","79","True","True","False","False","False"
"Mongolian Supplement","U+11660..U+1167F","13","13","13","True","True","False","False","False"
"Takri","U+11680..U+116CF","68","68","68","True","True","False","False","False"
"Myanmar Extended-C","U+116D0..U+116FF","20","20","20","True","True","False","False","False"
"Ahom","U+11700..U+1174F","65","65","65","True","True","False","False","False"
"Dogra","U+11800..U+1184F","60","60","60","True","True","False","False","False"
"Warang Citi","U+118A0..U+118FF","84","84","84","True","True","False","False","False"
"Dives Akuru","U+11900..U+1195F","72","72","72","True","True","False","False","False"
"Nandinagari","U+119A0..U+119FF","65","65","65","True","True","False","False","False"
"Zanabazar Square","U+11A00..U+11A4F","72","72","72","True","True","False","False","False"
"Soyombo","U+11A50..U+11AAF","83","83","83","True","True","False","False","False"
"Unified Canadian Aboriginal Syllabics Extended-A","U+11AB0..U+11ABF","16","16","16","True","True","False","False","False"
"Pau Cin Hau","U+11AC0..U+11AFF","57","57","57","True","True","False","False","False"
"Devanagari Extended-A","U+11B00..U+11B5F","10","10","10","True","True","False","False","False"
"Sharada Supplement","U+11B60..U+11B7F","8","8","8","True","True","False","False","False"
"Sunuwar","U+11BC0..U+11BFF","44","44","44","True","True","False","False","False"
"Bhaiksuki","U+11C00..U+11C6F","97","97","97","True","True","False","False","False"
"Marchen","U+11C70..U+11CBF","68","68","68","True","True","False","False","False"
"Masaram Gondi","U+11D00..U+11D5F","75","75","75","True","True","False","False","False"
"Gunjala Gondi","U+11D60..U+11DAF","63","63","63","True","True","False","False","False"
"Tolong Siki","U+11DB0..U+11DEF","54","54","54","True","True","False","False","False"
"Makasar","U+11EE0..U+11EFF","25","25","25","True","True","False","False","False"
"Kawi","U+11F00..U+11F5F","87","87","87","True","True","False","False","False"
"Lisu Supplement","U+11FB0..U+11FBF","1","1","1","True","True","False","False","False"
"Tamil Supplement","U+11FC0..U+11FFF","51","51","51","True","True","False","False","False"
"Cuneiform","U+12000..U+123FF","922","922","922","True","True","True","False","False"
"Cuneiform Numbers and Punctuation","U+12400..U+1247F","116","116","116","True","True","False","False","False"
"Early Dynastic Cuneiform","U+12480..U+1254F","196","196","196","True","True","False","False","False"
"Cypro-Minoan","U+12F90..U+12FFF","99","99","99","True","True","False","False","False"
"Egyptian Hieroglyphs","U+13000..U+1342F","1072","1072","1072","True","True","True","False","False"
"Egyptian Hieroglyph Format Controls","U+13430..U+1345F","38","38","38","True","True","False","False","False"
"Egyptian Hieroglyphs Extended-A","U+13460..U+143FF","3995","3995","3995","True","True","True","False","False"
"Anatolian Hieroglyphs","U+14400..U+1467F","583","583","583","True","True","True","False","False"
"Gurung Khema","U+16100..U+1613F","58","58","58","True","True","False","False","False"
"Bamum Supplement","U+16800..U+16A3F","569","569","569","True","True","True","False","False"
"Mro","U+16A40..U+16A6F","43","43","43","True","True","False","False","False"
"Tangsa","U+16A70..U+16ACF","89","89","89","True","True","False","False","False"
"Bassa Vah","U+16AD0..U+16AFF","36","36","36","True","True","False","False","False"
"Pahawh Hmong","U+16B00..U+16B8F","127","127","127","True","True","False","False","False"
"Kirat Rai","U+16D40..U+16D7F","58","58","58","True","True","False","False","False"
"Medefaidrin","U+16E40..U+16E9F","91","91","91","True","True","False","False","False"
"Beria Erfe","U+16EA0..U+16EDF","50","50","50","True","True","False","False","False"
"Miao","U+16F00..U+16F9F","149","149","149","True","True","False","False","False"
"Ideographic Symbols and Punctuation","U+16FE0..U+16FFF","12","12","12","True","True","False","False","False"
"Tangut","U+17000..U+187FF","6144","6144","6144","True","True","True","False","False"
"Tangut Components","U+18800..U+18AFF","768","768","768","True","True","True","False","False"
"Khitan Small Script","U+18B00..U+18CFF","471","471","471","True","True","True","False","False"
"Tangut Supplement","U+18D00..U+18D7F","31","31","31","True","True","False","False","False"
"Tangut Components Supplement","U+18D80..U+18DFF","115","115","115","True","True","False","False","False"
"Kana Extended-B","U+1AFF0..U+1AFFF","13","13","13","True","True","False","False","False"
"Kana Supplement","U+1B000..U+1B0FF","256","256","256","True","True","False","False","False"
"Kana Extended-A","U+1B100..U+1B12F","35","35","35","True","True","False","False","False"
"Small Kana Extension","U+1B130..U+1B16F","9","9","9","True","True","False","False","False"
"Nushu","U+1B170..U+1B2FF","396","396","396","True","True","True","False","False"
"Duployan","U+1BC00..U+1BC9F","143","143","143","True","True","False","False","False"
"Shorthand Format Controls","U+1BCA0..U+1BCAF","4","4","4","True","True","False","False","False"
"Symbols for Legacy Computing Supplement","U+1CC00..U+1CEBF","695","695","695","True","True","True","False","False"
"Miscellaneous Symbols Supplement","U+1CEC0..U+1CEFF","34","34","34","True","True","False","False","False"
"Znamenny Musical Notation","U+1CF00..U+1CFCF","185","185","185","True","True","False","False","False"
"Byzantine Musical Symbols","U+1D000..U+1D0FF","246","246","246","True","True","False","False","False"
"Musical Symbols","U+1D100..U+1D1FF","233","233","233","True","True","False","False","False"
"Ancient Greek Musical Notation","U+1D200..U+1D24F","70","70","70","True","True","False","False","False"
"Kaktovik Numerals","U+1D2C0..U+1D2DF","20","20","20","True","True","False","False","False"
"Mayan Numerals","U+1D2E0..U+1D2FF","20","20","20","True","True","False","False","False"
"Tai Xuan Jing Symbols","U+1D300..U+1D35F","87","87","87","True","True","False","False","False"
"Counting Rod Numerals","U+1D360..U+1D37F","25","25","25","True","True","False","False","False"
"Mathematical Alphanumeric Symbols","U+1D400..U+1D7FF","996","996","996","True","True","True","False","False"
"Sutton SignWriting","U+1D800..U+1DAAF","672","672","672","True","True","True","False","False"
"Latin Extended-G","U+1DF00..U+1DFFF","37","37","37","True","True","False","False","False"
"Glagolitic Supplement","U+1E000..U+1E02F","38","38","38","True","True","False","False","False"
"Cyrillic Extended-D","U+1E030..U+1E08F","63","63","63","True","True","False","False","False"
"Nyiakeng Puachue Hmong","U+1E100..U+1E14F","71","71","71","True","True","False","False","False"
"Toto","U+1E290..U+1E2BF","31","31","31","True","True","False","False","False"
"Wancho","U+1E2C0..U+1E2FF","59","59","59","True","True","False","False","False"
"Nag Mundari","U+1E4D0..U+1E4FF","42","42","42","True","True","False","False","False"
"Ol Onal","U+1E5D0..U+1E5FF","44","44","44","True","True","False","False","False"
"Tai Yo","U+1E6C0..U+1E6FF","55","55","55","True","True","False","False","False"
"Ethiopic Extended-B","U+1E7E0..U+1E7FF","28","28","28","True","True","False","False","False"
"Mende Kikakui","U+1E800..U+1E8DF","213","213","213","True","True","False","False","False"
"Adlam","U+1E900..U+1E95F","88","88","88","True","True","False","False","False"
"Indic Siyaq Numbers","U+1EC70..U+1ECBF","68","68","68","True","True","False","False","False"
"Ottoman Siyaq Numbers","U+1ED00..U+1ED4F","61","61","61","True","True","False","False","False"
"Arabic Mathematical Alphabetic Symbols","U+1EE00..U+1EEFF","143","143","143","True","True","False","False","False"
"Mahjong Tiles","U+1F000..U+1F02F","44","44","44","True","True","False","False","False"
"Domino Tiles","U+1F030..U+1F09F","100","100","100","True","True","False","False","False"
"Playing Cards","U+1F0A0..U+1F0FF","82","82","82","True","True","False","False","False"
"Enclosed Alphanumeric Supplement","U+1F100..U+1F1FF","200","200","200","True","True","False","False","False"
"Enclosed Ideographic Supplement","U+1F200..U+1F2FF","64","64","64","True","True","False","False","False"
"Miscellaneous Symbols and Pictographs","U+1F300..U+1F5FF","768","768","768","True","True","True","False","False"
"Emoticons","U+1F600..U+1F64F","80","80","80","True","True","False","False","True"
"Ornamental Dingbats","U+1F650..U+1F67F","48","48","48","True","True","False","False","False"
"Transport and Map Symbols","U+1F680..U+1F6FF","119","119","119","True","True","False","False","False"
"Alchemical Symbols","U+1F700..U+1F77F","128","128","128","True","True","False","False","False"
"Geometric Shapes Extended","U+1F780..U+1F7FF","103","103","103","True","True","False","False","False"
"Supplemental Arrows-C","U+1F800..U+1F8FF","171","171","171","True","True","False","False","False"
"Supplemental Symbols and Pictographs","U+1F900..U+1F9FF","256","256","256","True","True","False","False","False"
"Chess Symbols","U+1FA00..U+1FA6F","102","102","102","True","True","False","False","False"
"Symbols and Pictographs Extended-A","U+1FA70..U+1FAFF","120","120","120","True","True","False","False","False"
"Symbols for Legacy Computing","U+1FB00..U+1FBFF","250","250","250","True","True","False","False","False"
"CJK Unified Ideographs Extension B","U+20000..U+2A6DF","42720","42720","42720","True","True","True","False","False"
"CJK Unified Ideographs Extension C","U+2A700..U+2B73F","4160","4160","4160","True","True","True","False","False"
"CJK Unified Ideographs Extension D","U+2B740..U+2B81F","222","222","222","True","True","False","False","False"
"CJK Unified Ideographs Extension E","U+2B820..U+2CEAF","5774","5774","5774","True","True","True","False","False"
"CJK Unified Ideographs Extension F","U+2CEB0..U+2EBEF","7473","7473","7473","True","True","True","False","False"
"CJK Unified Ideographs Extension I","U+2EBF0..U+2EE5F","622","622","622","True","True","True","False","False"
"CJK Compatibility Ideographs Supplement","U+2F800..U+2FA1F","542","542","542","True","True","True","False","False"
"CJK Unified Ideographs Extension G","U+30000..U+3134F","4939","4939","4939","True","True","True","False","False"
"CJK Unified Ideographs Extension H","U+31350..U+323AF","4192","4192","4192","True","True","True","False","False"
"CJK Unified Ideographs Extension J","U+323B0..U+3347F","4298","4298","4298","True","True","True","False","False"
"Tags","U+E0000..U+E007F","97","97","97","True","True","False","False","False"
"Variation Selectors Supplement","U+E0100..U+E01EF","240","240","240","True","True","False","False","False"
"Supplementary Private Use Area-A","U+F0000..U+FFFFF","0","65534","65534","False","True","False","True","False"
"Supplementary Private Use Area-B","U+100000..U+10FFFF","0","65534","65534","False","True","False","True","False"
